sku,name,status,item_weight_g,packed_weight_g,packed_length_cm,packed_width_cm,packed_height_cm,packaging_reference,missing_fields
br-001,BLACK Rose Crewneck,MISSING,,,,,,,shipping.item_weight.value | shipping.packed_parcel.weight.value | shipping.packed_parcel.dimensions.length | shipping.packed_parcel.dimensions.width | shipping.packed_parcel.dimensions.height | shipping.packed_parcel.packaging_reference
br-002,BLACK Rose Joggers,MISSING,,,,,,,shipping.item_weight.value | shipping.packed_parcel.weight.value | shipping.packed_parcel.dimensions.length | shipping.packed_parcel.dimensions.width | shipping.packed_parcel.dimensions.height | shipping.packed_parcel.packaging_reference
br-003,BLACK is Beautiful Jersey Series: 0. Baseball Classic (Black),MISSING,,,,,,,shipping.item_weight.value | shipping.packed_parcel.weight.value | shipping.packed_parcel.dimensions.length | shipping.packed_parcel.dimensions.width | shipping.packed_parcel.dimensions.height | shipping.packed_parcel.packaging_reference
br-004,BLACK Rose Hoodie,MISSING,,,,,,,shipping.item_weight.value | shipping.packed_parcel.weight.value | shipping.packed_parcel.dimensions.length | shipping.packed_parcel.dimensions.width | shipping.packed_parcel.dimensions.height | shipping.packed_parcel.packaging_reference
br-005,BLACK Rose Hoodie — Signature Edition,MISSING,,,,,,,shipping.item_weight.value | shipping.packed_parcel.weight.value | shipping.packed_parcel.dimensions.length | shipping.packed_parcel.dimensions.width | shipping.packed_parcel.dimensions.height | shipping.packed_parcel.packaging_reference
br-006,The Bomber Sherpa,MISSING,,,,,,,shipping.item_weight.value | shipping.packed_parcel.weight.value | shipping.packed_parcel.dimensions.length | shipping.packed_parcel.dimensions.width | shipping.packed_parcel.dimensions.height | shipping.packed_parcel.packaging_reference
br-007,BLACK Rose x Love Hurts Basketball Shorts,MISSING,,,,,,,shipping.item_weight.value | shipping.packed_parcel.weight.value | shipping.packed_parcel.dimensions.length | shipping.packed_parcel.dimensions.width | shipping.packed_parcel.dimensions.height | shipping.packed_parcel.packaging_reference
br-008,BLACK is Beautiful Jersey Series: 1. SF Inspired (Football),MISSING,,,,,,,shipping.item_weight.value | shipping.packed_parcel.weight.value | shipping.packed_parcel.dimensions.length | shipping.packed_parcel.dimensions.width | shipping.packed_parcel.dimensions.height | shipping.packed_parcel.packaging_reference
br-009,BLACK is Beautiful Jersey Series: 2. Last Oakland (Football),MISSING,,,,,,,shipping.item_weight.value | shipping.packed_parcel.weight.value | shipping.packed_parcel.dimensions.length | shipping.packed_parcel.dimensions.width | shipping.packed_parcel.dimensions.height | shipping.packed_parcel.packaging_reference
br-010,BLACK is Beautiful Jersey Series: 3. The Bay (Basketball),MISSING,,,,,,,shipping.item_weight.value | shipping.packed_parcel.weight.value | shipping.packed_parcel.dimensions.length | shipping.packed_parcel.dimensions.width | shipping.packed_parcel.dimensions.height | shipping.packed_parcel.packaging_reference
br-011,BLACK is Beautiful Jersey Series: 4. The Rose (Hockey),MISSING,,,,,,,shipping.item_weight.value | shipping.packed_parcel.weight.value | shipping.packed_parcel.dimensions.length | shipping.packed_parcel.dimensions.width | shipping.packed_parcel.dimensions.height | shipping.packed_parcel.packaging_reference
br-012,BLACK is Beautiful Jersey Series: 5. Baseball Classic (Last Oakland),MISSING,,,,,,,shipping.item_weight.value | shipping.packed_parcel.weight.value | shipping.packed_parcel.dimensions.length | shipping.packed_parcel.dimensions.width | shipping.packed_parcel.dimensions.height | shipping.packed_parcel.packaging_reference
br-014,BLACK is Beautiful Jersey Series: 0. Baseball Classic (Giants),MISSING,,,,,,,shipping.item_weight.value | shipping.packed_parcel.weight.value | shipping.packed_parcel.dimensions.length | shipping.packed_parcel.dimensions.width | shipping.packed_parcel.dimensions.height | shipping.packed_parcel.packaging_reference
br-015,BLACK is Beautiful Jersey Series: 0. Baseball Classic (White),MISSING,,,,,,,shipping.item_weight.value | shipping.packed_parcel.weight.value | shipping.packed_parcel.dimensions.length | shipping.packed_parcel.dimensions.width | shipping.packed_parcel.dimensions.height | shipping.packed_parcel.packaging_reference
kids-001,Kids Colorblock Hoodie Set — Red/Black,MISSING,,,,,,,shipping.item_weight.value | shipping.packed_parcel.weight.value | shipping.packed_parcel.dimensions.length | shipping.packed_parcel.dimensions.width | shipping.packed_parcel.dimensions.height | shipping.packed_parcel.packaging_reference
kids-002,Kids Colorblock Hoodie Set — Purple/Black,MISSING,,,,,,,shipping.item_weight.value | shipping.packed_parcel.weight.value | shipping.packed_parcel.dimensions.length | shipping.packed_parcel.dimensions.width | shipping.packed_parcel.dimensions.height | shipping.packed_parcel.packaging_reference
lh-002,Love Hurts Joggers (Black),MISSING,,,,,,,shipping.item_weight.value | shipping.packed_parcel.weight.value | shipping.packed_parcel.dimensions.length | shipping.packed_parcel.dimensions.width | shipping.packed_parcel.dimensions.height | shipping.packed_parcel.packaging_reference
lh-003,Love Hurts Basketball Shorts,MISSING,,,,,,,shipping.item_weight.value | shipping.packed_parcel.weight.value | shipping.packed_parcel.dimensions.length | shipping.packed_parcel.dimensions.width | shipping.packed_parcel.dimensions.height | shipping.packed_parcel.packaging_reference
lh-004,Love Hurts Bomber Jacket,MISSING,,,,,,,shipping.item_weight.value | shipping.packed_parcel.weight.value | shipping.packed_parcel.dimensions.length | shipping.packed_parcel.dimensions.width | shipping.packed_parcel.dimensions.height | shipping.packed_parcel.packaging_reference
lh-005,The Fannie,MISSING,,,,,,,shipping.item_weight.value | shipping.packed_parcel.weight.value | shipping.packed_parcel.dimensions.length | shipping.packed_parcel.dimensions.width | shipping.packed_parcel.dimensions.height | shipping.packed_parcel.packaging_reference
lh-006,Love Hurts Joggers (White),MISSING,,,,,,,shipping.item_weight.value | shipping.packed_parcel.weight.value | shipping.packed_parcel.dimensions.length | shipping.packed_parcel.dimensions.width | shipping.packed_parcel.dimensions.height | shipping.packed_parcel.packaging_reference
sg-001,The Bridge Series 'The Bay Bridge' Shorts,MISSING,,,,,,,shipping.item_weight.value | shipping.packed_parcel.weight.value | shipping.packed_parcel.dimensions.length | shipping.packed_parcel.dimensions.width | shipping.packed_parcel.dimensions.height | shipping.packed_parcel.packaging_reference
sg-002,The Bridge Series 'Stay Golden' Shirt,MISSING,,,,,,,shipping.item_weight.value | shipping.packed_parcel.weight.value | shipping.packed_parcel.dimensions.length | shipping.packed_parcel.dimensions.width | shipping.packed_parcel.dimensions.height | shipping.packed_parcel.packaging_reference
sg-003,The Bridge Series 'Stay Golden' Shorts,MISSING,,,,,,,shipping.item_weight.value | shipping.packed_parcel.weight.value | shipping.packed_parcel.dimensions.length | shipping.packed_parcel.dimensions.width | shipping.packed_parcel.dimensions.height | shipping.packed_parcel.packaging_reference
sg-005,The Bridge Series 'The Bay Bridge' Shirt,MISSING,,,,,,,shipping.item_weight.value | shipping.packed_parcel.weight.value | shipping.packed_parcel.dimensions.length | shipping.packed_parcel.dimensions.width | shipping.packed_parcel.dimensions.height | shipping.packed_parcel.packaging_reference
sg-006,Mint & Lavender Hoodie,MISSING,,,,,,,shipping.item_weight.value | shipping.packed_parcel.weight.value | shipping.packed_parcel.dimensions.length | shipping.packed_parcel.dimensions.width | shipping.packed_parcel.dimensions.height | shipping.packed_parcel.packaging_reference
sg-007,The Signature Beanie,MISSING,,,,,,,shipping.item_weight.value | shipping.packed_parcel.weight.value | shipping.packed_parcel.dimensions.length | shipping.packed_parcel.dimensions.width | shipping.packed_parcel.dimensions.height | shipping.packed_parcel.packaging_reference
sg-009,The Sherpa Jacket,MISSING,,,,,,,shipping.item_weight.value | shipping.packed_parcel.weight.value | shipping.packed_parcel.dimensions.length | shipping.packed_parcel.dimensions.width | shipping.packed_parcel.dimensions.height | shipping.packed_parcel.packaging_reference
sg-011,Original Label Tee (White),MISSING,,,,,,,shipping.item_weight.value | shipping.packed_parcel.weight.value | shipping.packed_parcel.dimensions.length | shipping.packed_parcel.dimensions.width | shipping.packed_parcel.dimensions.height | shipping.packed_parcel.packaging_reference
sg-012,Original Label Tee (Orchid),MISSING,,,,,,,shipping.item_weight.value | shipping.packed_parcel.weight.value | shipping.packed_parcel.dimensions.length | shipping.packed_parcel.dimensions.width | shipping.packed_parcel.dimensions.height | shipping.packed_parcel.packaging_reference
sg-013,Mint & Lavender Crewneck,MISSING,,,,,,,shipping.item_weight.value | shipping.packed_parcel.weight.value | shipping.packed_parcel.dimensions.length | shipping.packed_parcel.dimensions.width | shipping.packed_parcel.dimensions.height | shipping.packed_parcel.packaging_reference
sg-014,Mint & Lavender Sweatpants,MISSING,,,,,,,shipping.item_weight.value | shipping.packed_parcel.weight.value | shipping.packed_parcel.dimensions.length | shipping.packed_parcel.dimensions.width | shipping.packed_parcel.dimensions.height | shipping.packed_parcel.packaging_reference
sg-015,The Windbreaker Set,MISSING,,,,,,,shipping.item_weight.value | shipping.packed_parcel.weight.value | shipping.packed_parcel.dimensions.length | shipping.packed_parcel.dimensions.width | shipping.packed_parcel.dimensions.height | shipping.packed_parcel.packaging_reference
